relative_path	bytes	sha256
01_analysis/result_4_1/scripts/01_build_kanshin_truth_set.py	17894	7fb63de12bd3829a53834a8b5985c6e248d4e5cb0dc1c481eb7185fc8b26616f
01_analysis/result_4_1/scripts/12_audit_heat_cold_response_classes.py	11255	a9764907a2ec0bc046a93586d7a7024509828ef7a99e882715a56dcc8bab2849
01_analysis/result_4_1/scripts/13_freeze_response_layer.py	20064	4f1bab84c989afcd3a3824d7951a2e7c99b5ef410ef694637cc284d1f1d827aa
01_analysis/result_4_2/54_figures/03_scripts/29_export_corrected_direct_null.py	13500	8d960a4542c8e88f5fb240faac8118f6333cc95823743ab20c342f31ef121aa9
01_analysis/result_4_2/scripts/16_networkin_temporal_differential.py	20393	622b11d8c830d8e6086a2cd72ed9471e0ecd36e2685cc9f9cbd1c8f565958693
01_analysis/result_4_2/scripts/29_pka_direct_site_trajectory_corrected.py	12788	a7d87da5e0c59616b936d772717823d75c649b0c79fa3fe55ccacaaadb06b76e
01_analysis/result_4_3/scripts/28_uliana_context_interaction.py	21980	1f0c4e2effba04e55a6251f2959fcfa96ef90c4c84a568ac89f46cb38925b641
01_analysis/result_4_3/scripts/30_uliana_networkin_pka_validation.py	22460	4691fca39d83ca9c0e44b87dc160d551843e31376a2754331498f7020356df8a
01_analysis/result_4_3/scripts/31_phosphoatlas_pka_replication.py	26140	43179f88966d92bb8533351a1917ae87414e4a1493d972297bbed38a911bf7ff
01_analysis/result_4_3/scripts/32_phosphoatlas_temperature_sensitivity.py	18444	9807d42cdd1229212ae0640e12af331ecc43254a28d34d3059d6131499fb1414
01_analysis/result_4_4/scripts/37_build_mechanistic_site_context.py	17527	2aa18b1b5cd23e548a11e102b0428fd589a7124bd1ea44b01a76b46c1f95501a
01_analysis/result_4_4/scripts/38_complete_mechanistic_context.py	4850	4fbe0489de367a8400bf6633978235b8fdc0c472a45ab81a6aaf6b6832e26840
01_analysis/result_4_4/scripts/39_structural_tractability_phase1.py	22743	c7eb34269cab698ab38a3819944dfc517e81058260eba8dd45c8592f45521350
01_analysis/result_4_4/scripts/40_experimental_structure_mapping_audit.py	6764	006bd9a49b80668ed623604640f1c41971758bfca6ce329ed5a789d036b557a4
01_analysis/result_4_4/scripts/41_exact_experimental_residue_coverage.py	15647	d948754d59394217508474fb37663eaedfefc0848359b1f72fe4e971f341eb24
01_analysis/result_4_4/scripts/42_cdc19_s22_native_environment.py	17072	6333527fea7d124a5a68f5b424bedcec0b249b3d68d4d0ceb4b99e46cc7bebd6
01_analysis/result_4_4/scripts/43_disordered_phosphosite_screen.py	15929	456bcca5a153a22c4e776632dbaac942678e105011abe132ac0676538f4d0e31
01_analysis/result_4_5/44_phenotype_bridge/46h_segment_190326_ssa12dd.py	7126	b07cbc0150979141f30a2b7aae03039147248ae165c6b3ebf5637d903a8c6daf
01_analysis/result_4_5/44_phenotype_bridge/46k_track_focus_190326_T0_T8.py	22408	b5e749bb2db9d76fa800fcd27662b243de41d135e8650ab53f4a3e19100033f1
01_analysis/result_4_5/44_phenotype_bridge/46l_track_focus_190319_T0_T8.py	22356	41356a0276eb8e192e077477987c15b7c6f5a42b8daf1348513f58cd756e97aa
01_analysis/result_4_5/44_phenotype_bridge/46m_compare_190319_190326_T1_T8.py	13823	9a1d3c536a88aebf59703fe906f9812bc80a3d7f1c329bb77bc8bd74f6b0f65f
01_analysis/result_4_5/44_phenotype_bridge/46n_freeze_Guk1_recovery_phenotype.py	14412	b0c8bb20ffa90f6b32444b362fa1316b9c10be60edfb350fef3d9a96db0ffc11
01_analysis/result_4_5/scripts/65_freeze_focus_metric_v3.py	8367	fef9c823d31b74caec2a4d6a7b2288687932612ad050df487aca59c5e229d95a
01_analysis/result_4_5/scripts/66_apply_frozen_focus_metric_190321.py	37134	1d061a31608c6e710c470d82ce02f368bf2fd96a88dc2a6f348f5362843554f6
01_analysis/result_4_5/scripts/67_compare_frozen_automated_vs_andersson_S10.py	27756	ca25312feb4982832892f99bacca086520626eb4e52eba920800bb67ab9cd9dc
01_analysis/result_4_6/Hsp104_Guk1/44_phenotype_bridge/46_phenotype_state/46r_hsp104_genotype_resolution/46r2_blinded_spatial_identity_match.py	29124	66f10213cfd3b8c9149536d885385cf0f7c2740a8f1d26a9d3afb2f9b812ffc3
01_analysis/result_4_6/Hsp104_Guk1/44_phenotype_bridge/46s1_segment_190418_WT_hsp104D.py	7130	3b4f0d49432266dfe9c81d7783d46dbb3594de82d7a3faa47f3e33d477e77814
01_analysis/result_4_6/Hsp104_Guk1/44_phenotype_bridge/46s2_track_focus_190418_WT_hsp104D_T0_T8.py	22434	082fffea33334adb625e1d10532ef3265cf64c20a2f05941d0596c931a3fb8f4
01_analysis/result_4_6/Hsp104_Guk1/44_phenotype_bridge/46t_finalize_hsp104_validation.py	26954	418166fcedb26b7049e2986ddb43bb99598ec24b1ea6291799fe67af4e1133a2
01_analysis/result_4_6/Hsp104_Guk1/44_phenotype_bridge/47_freeze_hsp104_evidence.py	18391	f4b08fd0231db567b33aa3ef1b8bc28a477e95c664ea109f7f2c83dc3442350d
01_analysis/result_4_6/Pab1_Hsp104/44_phenotype_bridge/52_public_perturbational_bridge/52a_download_and_inventory_public_bridge.py	14412	56e0c879107720505a199bfdf8923573aa20b9ccfbf3273f8d78905333da6c2e
01_analysis/result_4_6/Pab1_Hsp104/44_phenotype_bridge/52_public_perturbational_bridge/52b_exact_schema_audit.py	3842	33fd83a68d975188bc7ff377ee8f826e2efb575af1249ebe507229c986eaab31
01_analysis/result_4_6/Pab1_Hsp104/44_phenotype_bridge/52_public_perturbational_bridge/52c_quantify_public_perturbational_bridge.py	24126	739b0241a06ac6fdf02eabd00419fd07e31243302bc8f24ac815c47713c8484a
01_analysis/result_4_6/Yef3_T972/44_phenotype_bridge/49_T972_precausal_support/49b_test_T972_proteostasis_programs.py	26338	63597a3ae6cef3d4ed20de623327aaeb372b9c9a6201440b450edad0784495ee
01_analysis/result_4_6/Yef3_T972/44_phenotype_bridge/49_T972_precausal_support/49c_test_global_axis_specificity.py	20405	ce33bb570407a7ce85336c8af24812112df97f6f2765fd8356b1cb566d025793
01_analysis/result_4_6/Yef3_T972/export_exact_49c_SGRNP_residuals.py	7463	5568e0628f996be4ced44aa5294b55a9b0417312732f99059d1845ad74f60265
02_upstream_processing/190321_WT_locked/scripts/55_audit_190321_WT_czi.py	4556	4a3c12bd23c71d96fd941a3161b327ca566b0d6a77ea8f30502cbb6c12382f6a
02_upstream_processing/190321_WT_locked/scripts/56_extract_190321_WT_timestamps.py	8945	0b8ac640fd358ec5dd66ec020a9e5dc6e03532c4c402cd964db66e50d297956b
02_upstream_processing/190321_WT_locked/scripts/57_segment_190321_WT_locked.py	9433	eee4cbbd185d5c412eb229d26a121d34d516aa98aa16270987ff8ca4beac5e7d
02_upstream_processing/190321_WT_locked/scripts/58_freeze_190321_time_mapping.py	3084	61377d1308158ec4127c15bbdd50f00df12851c95339763255c6f05a767eb968
02_upstream_processing/190321_WT_locked/scripts/59_registration_focus_qc_190321_locked.py	11107	11f1728bc906ed5b17018cae082ed86602be3713b6db5dd6c1305496a6849350
02_upstream_processing/190321_WT_locked/scripts/60_pretrack_registration_mask_qc.py	12968	0518630d9c8ad14c8857fc751cc2f39f8454bf9e230f145ef4ec5b5ffe5f814c
02_upstream_processing/190321_WT_locked/scripts/61_track_190321_WT_scene0_locked.py	16673	960306cd6a4b2f0289ab9823e1b8aff37c923077371168633e7b70ee6af4c4f9
02_upstream_processing/190321_WT_locked/scripts/61_track_190321_WT_scene1_locked.py	16673	9f208e84bf08318505b0a53f27b286fb579abe79d39d361b5ae526a673080a30
02_upstream_processing/190321_WT_locked/scripts/61_track_190321_WT_scene2_locked.py	16673	98e454d26ffae99512b7a71dc7579a5e5ca20e2abd81f23f86e63d04efa271c0
02_upstream_processing/190321_WT_locked/scripts/61_track_190321_WT_scene3_locked.py	16673	0c37a37215c619b744237e937d925fe2f4b54e0cad0688565ebca64f5b8a22ae
03_support_resource_acquisition/scripts/33_inventory_pka_mechanistic_resources.py	8415	dbe61f496565055968a2ee086e3747cca5602140e6819106087204a7a738cb8e
03_support_resource_acquisition/scripts/34_download_selected_pka_resources.py	4098	7868448452258afdd0e0e5a6174c82739cd122df9d70964161761b44d778e2db
06_figure_scripts/54_figures/03_scripts/Fig4_1_dynamic_phosphoproteome.py	22601	cde0291abebcd4098f5174a0bf6e81da32d9093a295bcf1343eed783685106e3
06_figure_scripts/54_figures/03_scripts/Fig4_2_PKA_program.py	27357	d0ed6b34149caa6c4e3daf81c82dc10bd982c7844029ddc3741c0358347d5daa
06_figure_scripts/54_figures/03_scripts/Fig4_3_PKA_independent_validation.py	35062	6f68bcd390d41245f054ca66c5e614fc94919c37775e433d098d828b59ac985d
06_figure_scripts/54_figures/03_scripts/Fig4_4_structural_context.py	32346	f7aedb5fdf12ef9dfd5c30d28a41eedffd1d59841d2dba9ed239bd608f1eb42f
06_figure_scripts/54_figures/03_scripts/Fig4_5_Guk1_recovery_phenotype.py	38938	33e7a5ebdfc481572d5897fe0886ca0efbd4797357ffa507129dd56b3650c281
06_figure_scripts/54_figures/03_scripts/Fig4_6_Yef3_Hsp104_recovery.py	28686	8a9ae149ccf86aae7058e3dcfb02895f82b85f455d6dca5bd38be7ff030a16aa
06_figure_scripts/54_figures/03_scripts/Fig4_7_integrated_evidence_map.py	13545	23e2f43d31598465372c0a642b08e039f76e8d33abc919d6f3b0253dce4737f3
07_final_figures/54_figures/05_final/Fig4_1_dynamic_phosphoproteomic_response_v2.pdf	67741	b7213d2e3acbd4d1de4a33d296bfe58453cff03bcd32b19aae2a11141b632c26
07_final_figures/54_figures/05_final/Fig4_1_dynamic_phosphoproteomic_response_v2.png	1384917	4768159979c5066c147ebefe4dd53520441568fa9725bc65eade672b8127cd5f
07_final_figures/54_figures/05_final/Fig4_1_dynamic_phosphoproteomic_response_v2.svg	284144	bfef30986f2f865a1402971f99f7c7de4337387184abbe2ec3331d8f854bf1a1
07_final_figures/54_figures/05_final/Fig4_2_PKA_temperature_program.pdf	42683	d5725c00a1f20e3c2d643695e48915e25e443c09253ac3061f8b1da69b11cc94
07_final_figures/54_figures/05_final/Fig4_2_PKA_temperature_program.png	997932	f633dbe558633b91f996c30b4893750c9d527d431cbba22f993ab051a9273564
07_final_figures/54_figures/05_final/Fig4_2_PKA_temperature_program.svg	185619	c30201d502375341efc1e8a92506243680816ad81404581f20046750f8a1d37c
07_final_figures/54_figures/05_final/Fig4_3_PKA_independent_validation.pdf	37571	b990cf3bc0f54274f2b0998c6ad1aaec4ac31c508fb96a664469ca03b5bcf2c6
07_final_figures/54_figures/05_final/Fig4_3_PKA_independent_validation.png	894926	f95fc74d50d8410ac419d72055edbc7e768bfe49d3bb18c17beeaa9ad837c2aa
07_final_figures/54_figures/05_final/Fig4_3_PKA_independent_validation.svg	107358	6313fc7b1de053df19feb9c82c786b9846f9ad2124dd12ba0564087aff4d7cf2
07_final_figures/54_figures/05_final/Fig4_4_structural_context.pdf	383974	78cade5d22c25eb7f34b7f70ffd8b243676211b0c7bb11d13af6a2b76f2acf18
07_final_figures/54_figures/05_final/Fig4_4_structural_context.png	5287038	df8cf8c8141842f8d6cbfc096a3698bf46e643334424987f17fc74f533c980b4
07_final_figures/54_figures/05_final/Fig4_4_structural_context.svg	534875	8d02809352c7a42cda3c4520bde7d054f31f49f7ea4bb80b8922a583f3e80520
07_final_figures/54_figures/05_final/Fig4_5_Guk1_recovery_phenotype.pdf	95449	67622887da5e50e0780fd7a428776d38d6c9e34619077f0a35bd5ae35a25a4fd
07_final_figures/54_figures/05_final/Fig4_5_Guk1_recovery_phenotype.png	5096570	16d5dbd9fce4695aee1f10c87f10b75428d22b8f90636c3bb0090a4d13efb669
07_final_figures/54_figures/05_final/Fig4_5_Guk1_recovery_phenotype.svg	301447	42dd55823a6b589b5389319de55dc571fe9d23e3c6ec453db88c0654c0cdcdd4
07_final_figures/54_figures/05_final/Fig4_6_Yef3_Hsp104_recovery.pdf	46434	167df8ab4f8dc8becdce23b6c6e4fe8dc2bde2b827268ce6fa8b75af28a23fd7
07_final_figures/54_figures/05_final/Fig4_6_Yef3_Hsp104_recovery.png	1869585	3a1d336ca21d404e7aacf44c8b52e12865dfc87f6277e4fd374aec85f4dc880c
07_final_figures/54_figures/05_final/Fig4_6_Yef3_Hsp104_recovery.svg	192142	1b3f708c8bc27469c45e37b4f1a49381e9cc3ce9f7dfe93a3a75bbe18d14a58d
07_final_figures/54_figures/05_final/Fig4_7_integrated_evidence_map.manifest.tsv	359	44b28b186802c3eefdead3b1c4892975955a6e1f6dbe142c51f967d182f31243
07_final_figures/54_figures/05_final/Fig4_7_integrated_evidence_map.pdf	38582	4a41956b9ab3854cc574ffff1c6c0c7c03dd09255ac97788b0462e0f8087b873
07_final_figures/54_figures/05_final/Fig4_7_integrated_evidence_map.png	454200	9d92ed3a60d70746950fa2a70459e9e165433204838430d0ca4f3ee893eefd84
07_final_figures/54_figures/05_final/Fig4_7_integrated_evidence_map.svg	22388	0a1747f5ba6980c534759c67decc270f35d26887c40e8270894d3407a64a472b
08_figure_legends/54_figures/06_legends/Fig4_1_legend_bg.txt	2248	f3f291a9948440693c29b912dae590a4d9b99d66e1299b8663e2eefc2e21eddb
08_figure_legends/54_figures/06_legends/Fig4_1_legend_bg_v2.txt	2363	ee4a7c1927defecd831ebcf7ba093dfd3d115ff13972584476a06afe810da898
08_figure_legends/54_figures/06_legends/Fig4_2_legend_bg.txt	2846	936a433090d5bb3bc353f8df49614bb81d9aadf9ba2eb7b48834c000296f03ce
08_figure_legends/54_figures/06_legends/Fig4_3_legend_bg.txt	2397	c1fadb05bc0fb02cc77819bfd93480b96210466a8892c30e598e4ed9650becf9
08_figure_legends/54_figures/06_legends/Fig4_4_legend_bg.txt	2734	fe69f651b3b8436404e508b2b6219fc29a08f0dc97f852b00363a8de8cca4cd1
08_figure_legends/54_figures/06_legends/Fig4_5_legend_bg.txt	3458	5d766e9b086bf819a4e2ef71acb969c74150bc0ead668c53940c51feae25bf38
08_figure_legends/54_figures/06_legends/Fig4_6_legend_bg.txt	3703	3dbdc46ab168815104bf6bc75134e19b0fc3a173b62451ef25c83644236cd644
08_figure_legends/54_figures/06_legends/Fig4_7_legend_bg.txt	1452	99bbf5fd2f13fe8d8b59494ea48a7e9319f68d5ba89b9331909697ba7538e9c7
09_small_frozen_inputs/37_final_statistical_freeze/FINAL_CLAIM_MATRIX.tsv	4647	807e0df58b9a58aa4cbe8ad9b299f47432bbcc00e703ec17fac6e7713c9392f9
09_small_frozen_inputs/54_figures/02_curated_inputs/Fig4_6/Fig4_6_STRESS_GRANULE_RNP_residual_pairs.tsv	4312	05cab82ab4d580f16c6f62e7833ce8b4f3d05b91013725c6934a0431a8a6ced5
README.txt	4866	ff45741d0c7ce6d69a6818f14d93e009bd589651ea848c2a02fdd2de8d0dddc1
