YEF3_T972_residual	STRESS_GRANULE_RNP_residual
1.1331696146744599	0.09712858623572639
-0.8886890624453021	-0.5000383776133224
1.4136758216587166	0.7694476653483455
1.0708047354380748	0.10388877186837386
1.0432716758699967	0.13027138428787666
-0.7361617230276245	0.03319703431672694
1.6360634470000983	-0.9469011109352302
1.112867440416872	0.15665399670737923
0.2596071151832726	-0.33016595656390335
0.39820172673362736	0.08514142025091402
0.5407102397109252	0.4652539017515356
-0.061700086903250906	-0.1810387481294129
-1.564676929823035	-0.30859990504415635
-1.71050242668388	-0.5627929074396711
1.2066792806482787	0.3149496712243949
0.9582848269921775	-0.18585530902916875
0.3331167811570911	-0.0475924807514172
1.3413599907716902	-0.01157674653240326
0.35706833546479344	-0.22980825097348068
-0.8844427648517917	-0.5967565443966396
-1.0556781724839601	-0.1606497187023166
0.0236191581411353	-0.3149496712243949
0.7264752927538123	-0.053586063743823464
-0.08896862509450029	0.02996791496203094
0.6550887755767488	-0.06075666882888017
0.26504724786357486	0.2402079754132337
0.10409518804861513	0.04277591985166157
-0.4423875805091795	-0.2514285387578046
-0.8511371764368443	0.0475924807514172
0.7591839636253639	0.46766218220141353
-0.44689839947951854	-0.24220583641070226
-0.0686664508369122	-0.0943098863334394
-0.17037396871194327	0.35531731062617866
-0.004510818970339114	-0.08790588388862419
0.8435738949597869	0.2074213605489157
-0.10860600701895412	0.581594495321708
-1.6300263967764002	0.2158232239911997
-2.1743860165374396	0.0027644636377099907
-1.0230373764021468	0.08872672279344235
0.6717415697842226	0.3909226253927835
1.047850369630074	0.10153472768307303
-0.4910842532550707	-0.408492954917593
-0.8429769774163909	0.04518420030153947
-0.6299433861822544	-0.10189091087090518
0.39369090776328824	0.029611731774198846
0.42029465362140345	0.3625421519758122
0.658141238083467	-0.14466683072256692
-0.6139553843079149	0.019568190522278206
-0.9516508592250833	-0.0012312583572275937
-0.805160570031104	0.1299152011000443
0.5446241411378683	0.17104944314206927
0.8090744714580471	-0.16511009641424024
0.26809971037029307	-0.1998403360114499
0.8762825658313386	0.27540287072742936
0.8569097052837136	0.7526439384637774
0.8623498379640158	0.35173200808365024
-0.31712877928275146	0.03954680049696546
-0.10435970942544393	0.09636198359548498
-0.39090296663339874	-0.10388877186837386
-0.048696672745891234	-0.3836977840431499
-1.3561541575592375	-0.6730856817528604
-0.36522853448524667	-0.25342639975527337
0.8317643158892193	0.04113424204202509
-1.114129150293402	-0.5128463825029529
0.03688709367532372	0.02315349306480652
0.6663014371039204	-0.24420369740817094
0.17521718384884966	0.2214606237957737
0.8475556711764682	1.3506317412176445
-0.26053642889323564	0.3333408396540225
-0.29211565057667155	0.17310154040411518
0.579123564639608	-0.16869539895676844
-0.517687999113186	-0.09389946688103024
-1.3483263547053514	0.06592941291646803
-0.9204684196068906	0.17345772359194722
-1.0481148910069027	-0.18903019211928807
-0.6862712151949413	-0.11393231312029461
0.22995090681843913	-0.028790892869380524
-1.9904117161247408	-0.6263682761708385
0.40211562816057045	-0.014805865887099423
-0.17793725018900064	0.0923120253359706
0.5975671114772697	0.16664330169472263
-1.4121495904053574	-0.4228884013522832
-0.15066871199775117	0.23744351177552347
1.6354665294567023	-0.09871602778078592
-0.003052462506718312	0.21341494354132173
-0.7346354917742656	-0.10588663286584254
-0.9933811680373131	-0.3745293179606246
0.12346804859624008	0.5044445190606689
1.0883868433555117	0.09912644723319511
2.015224709352668	0.8813821174711711
-0.7883755151352158	-0.5563889049948558
-2.2418586322875598	0.05752754947418426
-0.8435738949597866	0.08396439815826362
0.0027200663401511574	0.10711789122307003
0.5866868461166654	-0.6503426081404631
-0.035096341045135655	-0.3661274545183405
-1.6209368840459835	0.14548766962738505
1.7822213400275104	-0.26858844883020494
1.257831498357492	-0.22063978489095548
0.3161994655727884	-0.3277576761140255
-1.0426747583266005	-0.13667538673269175
1.1262032507407986	0.08672886179597361
-0.9746052250330841	-0.32734725666161635
1.148893095171971	0.7138637406070532
-0.7588515674587966	-0.17304730413953817
0.5461503723912275	0.09671816678331735
1.196992850374466	0.5535702050925688
