claim_id	claim	evidence_class	result	status	caveat
PKA_INTERNAL_DIRECT	Experimentally supported direct PKA substrates distinguish heat from cold	Kanshin direct-A; corrected exact-group trajectory	10 groups / 8 genes; mean H-C AUC=-38.5899; matched-null=-2.7201; Z=-4.0378; one-sided P=8.0e-05; two-sided P=2.8e-04; all LOO P<0.05	SUPPORTED	Substrate phosphorylation is not direct kinase-activity measurement; not uniquely Tpk1
PKA_INTERNAL_ORTHOGONAL	An independently predicted PKA-family module distinguishes heat from cold	Kanshin NetworKIN after removing all curated PKA A/B groups	20 groups / 16 genes; mean H-C=-1.2792; empirical P=1.40e-04	SUPPORTED	NetworKIN is predictive evidence, not proof of direct phosphorylation
PKA_CAUSAL_EXTERNAL	The orthogonal predicted PKA programme is responsive to PKA inhibition	Uliana 2026 independent PKA-inhibition phosphoproteomics	14 matched groups / 11 genes; exponential PKAi mean=-1.8520 vs null=-0.6427; Z=-4.031; P=7.0e-05	SUPPORTED	Strong in exponential growth; heat-shock module P=0.0624
PKA_CONTEXT_GLOBAL	Heat globally attenuates or reverses PKA-substrate dependence	Uliana module-level context test	context interaction mean=+0.8077 vs null=+0.2939; P=0.1639	NOT_SUPPORTED	Site-specific context effects remain possible
PKA_CONTEXT_MAF1	MAF1 S90 PKA dependence changes under heat	Uliana exact-site untargeted	Expo PKAi=-5.2053 q=0.0110; HS PKAi=-0.656 q=1; interaction=+4.5493; P=0.00327; Q=0.01309	SUPPORTED_SITE_SPECIFIC	Do not generalize to whole PKA module
PKA_CONTEXT_ATG1	ATG1 S515 shows context-dependent reversal after PKA inhibition	Uliana targeted PRM	Expo PKAi=-2.8098; HS PKAi=+1.8791; interaction=+4.6889; P=0.000411; Q_all7=0.00288	SUPPORTED_SITE_SPECIFIC	Small targeted assay; site-specific result
PKA_TEMP_EXTERNAL_DIRECT	Direct-A PKA module replicates in independent 42C-vs-18C phosphoproteomics	Yeast PhosphoAtlas; 5-min matched-temperature comparison	5 groups / 4 genes; mean=-1.4996; null=+0.0386; P=0.04079; median P=0.00916; Q_two_modules=0.04079	SUPPORTIVE_SMALL_N	Only four matched genes; correlation statistics underpowered
PKA_TEMP_EXTERNAL_ORTHOGONAL	Orthogonal PKA-family programme independently reproduces 42C-vs-18C differential	Yeast PhosphoAtlas; 5-min matched-temperature comparison	15 groups / 12 genes; mean=-2.0982; null=+0.0510; Z=-4.6479; P=4.0e-05; Q=8.0e-05; 10/12 negative P=0.00695	STRONGLY_SUPPORTED	Does not imply uniform response of every site
PKA_CROSS_DATASET_CONCORDANCE	Early PKA-family heat-cold effect sizes reproduce quantitatively	Kanshin 5-min interpolation vs PhosphoAtlas 5-min	11 genes; 9/11 same sign P=0.0327; Spearman rho=0.8636 P=6.12e-04; Pearson r=0.9393 P=1.79e-05	STRONGLY_SUPPORTED	Orthogonal NetworKIN module only
PKA_TEMP_42_ROBUST	The orthogonal programme remains present with a milder cold comparator	PhosphoAtlas HS42-CS23	mean=-1.6402; null=+0.1918; Z=-3.928; P=2.10e-04; Q_sensitivity=0.00126; 10/12 negative	SUPPORTED	Post-primary sensitivity analysis
PKA_TEMP_MONOTONIC	The PKA differential increases monotonically with heat severity	PhosphoAtlas HS37/42/48 sensitivity	HS37-CS18 P=0.117; HS48-CS18 P=0.163; primary HS42-CS18 P=4.0e-05	NOT_SUPPORTED	Supports condition-specific 42C response rather than monotonic heat dose
SECOND_KINASE	A second kinase-associated programme survives multiple testing	Kanshin curated and NetworKIN discovery	No additional kinase survives corrected multiple testing	NOT_SUPPORTED	PKA-family programme is the only robust kinase-associated discovery
RESPONSE_CLASS_KINASE	Response classes have significant kinase enrichment	Kanshin curated and NetworKIN response enrichment	No FDR-significant regulator enrichment	NOT_SUPPORTED	Do not report nominal kinase ranks as discoveries
GO_PROGRAM	Dynamic response classes yield FDR-significant GO programmes	GO enrichment	No term survives global FDR	NOT_SUPPORTED	Nominal nuclear-import signal is exploratory only
GLOBAL_PPI	Dynamic/bidirectional proteins form unusually coherent physical networks	BioGRID degree-matched tests	Global bidirectional and dynamic-network tests null	NOT_SUPPORTED	Local NUP1-NUP2-NUP60 structure remains exploratory
MULTISITE_PHOSPHOCODE	Heat-cold stress produces a statistically exceptional multisite phosphocode	Global and NUP60 multisite tests	No protein survives multiple testing; NUP60 formal test null	NOT_SUPPORTED	Do not promote nominal ranked proteins
NUCLEAR_BASKET	The NUP1/NUP2/NUP60 candidate constitutes an established mechanism	Local PPI/site dossier	Interesting local topology and divergent sites; selected after nominal GO lead	EXPLORATORY	Not pristine confirmatory evidence; known Hog1 Nup sites absent
